experiment_id,group,cell_line,genotype,treatment,source
SRX5865959,DMSO,K562,R175H,DMSO,GSE131484
SRX5865960,DMSO,K562,Y220C,DMSO,GSE131484
SRX5865961,DMSO,K562,M237I,DMSO,GSE131484
SRX5865962,DMSO,K562,R248Q,DMSO,GSE131484
SRX5865963,DMSO,K562,R273H,DMSO,GSE131484
SRX5865964,DMSO,K562,R282W,DMSO,GSE131484
SRX5865965,DMSO,K562,KO,DMSO,GSE131484
SRX5865966,DMSO,K562,WT,DMSO,GSE131484
SRX5865967,Daunorubicin,K562,R175H,Daunorubicin,GSE131484
SRX5865968,Daunorubicin,K562,Y220C,Daunorubicin,GSE131484
SRX5865969,Daunorubicin,K562,M237I,Daunorubicin,GSE131484
SRX5865970,Daunorubicin,K562,R248Q,Daunorubicin,GSE131484
SRX5865971,Daunorubicin,K562,R273H,Daunorubicin,GSE131484
SRX5865972,Daunorubicin,K562,R282W,Daunorubicin,GSE131484
SRX5865973,Daunorubicin,K562,KO,Daunorubicin,GSE131484
SRX5865974,Daunorubicin,K562,WT,Daunorubicin,GSE131484
